tasks,utilization,gpu
1,0.3815733333334016,0
1,0.3815733333334016,1
1,0.3815733333334016,2
1,0.3815733333334016,3
1,0.3815733333334016,4
1,0.3815733333334016,5
1,0.3815733333334016,6
1,0.3815733333334016,7
1,0.38157333333340165,8
1,0.3815733333334017,9
1,0.3815733333334017,10
1,0.38157333333340165,11
1,0.38157333333340165,12
1,0.3815733333334017,13
1,0.3815733333334017,14
1,0.3815733333334017,15
1,0.3815733333334017,16
1,0.3815733333334017,17
1,0.3815733333334018,18
1,0.3815733333334019,19
1,0.3815733333334019,20
1,0.3815733333334017,21
1,0.3815733333334017,22
1,0.3815733333334018,23
1,0.3815733333334018,24
1,0.3815733333334019,25
1,0.3815733333334019,26
1,0.3815733333334019,27
1,0.3815733333334018,28
1,0.3815733333334019,29
1,0.3815733333334019,30
1,0.3815733333334019,31
1,0.3815733333334019,32
1,0.381573333333402,33
1,0.3815733333334019,34
1,0.38157333333340193,35
1,0.38157333333340193,36
1,0.38157333333340193,37
1,0.38157333333340193,38
1,0.38157333333340193,39
1,0.381573333333402,40
1,0.381573333333402,41
1,0.38157333333340193,42
1,0.38157333333340193,43
1,0.381573333333402,44
1,0.38157333333340204,45
1,0.38157333333340204,46
1,0.38157333333340204,47
1,0.38157333333340204,48
1,0.38157333333340204,49
1,0.381573333333402,50
1,0.38157333333340204,51
1,0.3815733333334021,52
1,0.3815733333334021,53
1,0.38157333333340204,54
1,0.3815733333334021,55
1,0.38157333333340215,56
1,0.3815733333334021,57
1,0.38157333333340215,58
1,0.3815733333334021,59
1,0.38157333333340215,60
1,0.3815733333334021,61
1,0.38157333333340215,62
1,0.38157333333340215,63
1,0.3815733333334021,64
1,0.3815733333334021,65
1,0.3815733333334021,66
1,0.3815733333334021,67
1,0.3815733333334021,68
1,0.3815733333334021,69
1,0.3815733333334021,70
1,0.3815733333334021,71
1,0.3815733333334021,72
1,0.38157333333340204,73
1,0.38157333333340204,74
1,0.3815733333334021,75
1,0.38157333333340204,76
1,0.38157333333340204,77
1,0.38157333333340204,78
1,0.38157333333340204,79
1,0.381573333333402,80
1,0.381573333333402,81
1,0.381573333333402,82
1,0.38157333333340204,83
1,0.381573333333402,84
1,0.381573333333402,85
1,0.381573333333402,86
1,0.381573333333402,87
1,0.381573333333402,88
1,0.381573333333402,89
1,0.381573333333402,90
1,0.381573333333402,91
1,0.381573333333402,92
1,0.38156222222228925,93
1,0.381550000000067,94
1,0.38154472222228913,95
1,0.38153250000006694,96
1,0.3815105555556225,97
1,0.38149722222228916,98
1,0.38146805555562247,99
1,0.38145583333340033,100
1,0.3814372222222892,101
1,0.3814333333334003,102
1,0.38141972222228915,103
1,0.3814019444445114,104
1,0.38139222222228925,105
1,0.3813886111111781,106
1,0.3813794444445129,107
1,0.3813658333334004,108
1,0.3813594444445115,109
1,0.38132666666673365,110
1,0.3813247222222892,111
1,0.38131361111117806,112
1,0.381312500000067,113
1,0.38130083333340037,114
1,0.38129805555562246,115
1,0.38128833333340034,116
1,0.3812852777778447,117
1,0.3812447222222892,118
1,0.38120694444451153,119
1,0.381182500000067,120
1,0.3811769444445114,121
1,0.3811716666667337,122
1,0.38116972222228923,123
1,0.38116916666673367,124
1,0.3811583333334003,125
1,0.38115750000006704,126
1,0.38112805555562246,127
1,0.3811155555556225,128
1,0.3811111111111781,129
1,0.38110888888895583,130
1,0.3810988888889558,131
1,0.3810963888889558,132
1,0.3810908333334002,133
1,0.38108861111117803,134
1,0.38107638888895584,135
1,0.38107277777784476,136
1,0.38106111111117813,137
1,0.381042500000067,138
1,0.38104111111117805,139
1,0.3810269444445114,140
1,0.3810241666667336,141
1,0.38101000000006696,142
1,0.38099611111117815,143
1,0.3809916666667347,144
1,0.3809869444445115,145
1,0.38097916666673365,146
1,0.3809663888889559,147
1,0.38094138888895585,148
1,0.38094138888895585,149
1,0.38092861111117815,150
1,0.38092722222228925,151
1,0.38091527777784473,152
1,0.38090861111117813,153
1,0.3809011111111781,154
1,0.38089555555562254,155
1,0.38089166666673374,156
1,0.3808541666667337,157
1,0.38084972222228936,158
1,0.38084222222228936,159
1,0.38083722222228933,160
1,0.38082416666673374,161
1,0.3808088888889559,162
1,0.38080083333340037,163
1,0.3807972222222894,164
1,0.3807786111111783,165
1,0.38076805555562276,166
1,0.3807552777778449,167
1,0.38075027777784487,168
1,0.3807375000000672,169
1,0.38072194444451163,170
1,0.38070972222228944,171
1,0.380707777777845,172
1,0.3806980555556228,173
1,0.38067138888895613,174
1,0.380661666666734,175
1,0.38065916666673394,176
1,0.38064777777784503,177
1,0.3806111111111784,178
1,0.3806108333334007,179
1,0.3806063888889562,180
1,0.38059916666673405,181
1,0.38059916666673405,182
1,0.38057000000006735,183
1,0.380569166666734,184
1,0.38054888888895627,185
1,0.3805483333334007,186
1,0.380516666666734,187
1,0.3805158333334008,188
1,0.38050694444451233,189
1,0.3805061111111786,190
1,0.38046972222228964,191
1,0.3804669444445119,192
1,0.38045666666673406,193
1,0.3804544444445119,194
1,0.38042222222228966,195
1,0.3804216666667341,196
1,0.38041000000006786,197
1,0.3804100000000679,198
1,0.3803722222222898,199
1,0.3803641666667342,200
1,0.3803588888889565,201
1,0.3803513888889565,202
1,0.3803250000000675,203
1,0.3803133333334009,204
1,0.38031305555562345,205
1,0.3803036111111787,206
1,0.3802711111111788,207
1,0.38027000000006755,208
1,0.3802575000000677,209
1,0.38025722222228986,210
1,0.3802269444445121,211
1,0.3802161111111789,212
1,0.3801844444445122,213
1,0.3801608333334011,214
1,0.3801177777778456,215
1,0.380116111111179,216
1,0.38009611111117897,217
1,0.38009583333340113,218
1,0.38006888888895674,219
1,0.38006444444451226,220
1,0.3800538888889567,221
1,0.3800508333334012,222
1,0.3800233333334011,223
1,0.38002222222229004,224
1,0.38002222222229004,225
1,0.3800222222222901,226
1,0.3800222222222901,227
1,0.3800222222222901,228
1,0.38002222222229015,229
1,0.38002222222229015,230
1,0.3800222222222901,231
1,0.38002222222229015,232
1,0.38002222222229015,233
1,0.3800222222222902,234
1,0.38002222222229015,235
1,0.38002222222229026,236
1,0.3800222222222902,237
1,0.38002222222229026,238
1,0.38002222222229026,239
1,0.38002222222229026,240
1,0.38002222222229026,241
1,0.38002222222229026,242
1,0.38002222222229043,243
1,0.38002222222229043,244
1,0.38002222222229026,245
1,0.38002222222229043,246
1,0.38002222222229043,247
1,0.38002222222229043,248
1,0.38002222222229043,249
1,0.38002222222229043,250
1,0.38002222222229043,251
1,0.38002222222229043,252
1,0.38002222222229054,253
1,0.38002222222229054,254
1,0.38002222222229054,255
8,0.9704316666666528,0
8,0.9704188888888752,1
8,0.9703602777777641,2
8,0.9703480555555418,3
8,0.970391944444431,4
8,0.9703811111110976,5
8,0.9701469444444308,6
8,0.9701366666666531,7
8,0.9701347222222086,8
8,0.9701252777777644,9
8,0.970205555555542,10
8,0.970174444444431,11
8,0.9700724999999866,12
8,0.9700602777777642,13
8,0.9698583333333198,14
8,0.9698469444444311,15
8,0.9699252777777645,16
8,0.9699138888888756,17
8,0.9703886111110976,18
8,0.9703772222222088,19
8,0.9703749999999867,20
8,0.9704605555555421,21
8,0.9695433333333193,22
8,0.9695352777777638,23
8,0.9695558333333194,24
8,0.9695433333333195,25
8,0.9695380555555416,26
8,0.9695258333333194,27
8,0.9695002777777639,28
8,0.9695844444444307,29
8,0.9695794444444307,30
8,0.9696633333333196,31
8,0.18719972222225262,32
8,0.1871027777778082,33
8,0.18642416666669723,34
8,0.18555166666669698,35
8,0.18516388888891908,36
8,0.1845822222222524,37
8,0.18429138888891913,38
8,0.1847761111111411,39
8,0.1846791666666966,40
8,0.1847761111111406,41
8,0.18467916666669604,42
8,0.18448527777780718,43
8,0.1853577777778076,44
8,0.18564861111114106,45
8,0.18516611111113965,46
8,0.18524500000002875,47
8,0.1853302777778066,48
8,0.18502083333336208,49
8,0.1849055555555842,50
8,0.18489138888891757,51
8,0.1848477777778065,52
8,0.18489361111113986,53
8,0.1848025000000289,54
8,0.18497000000002958,55
8,0.18526083333336305,56
8,0.1858425000000302,57
8,0.18613333333336363,58
8,0.18613333333336385,59
8,0.18574555555558592,60
8,0.18652111111114197,61
8,0.1858425000000306,62
8,0.18574555555558614,63
8,0.06980000000001065,64
8,0.06980000000001065,65
8,0.06980000000001065,66
8,0.06980000000001065,67
8,0.06980000000001065,68
8,0.06980000000001065,69
8,0.06980000000001066,70
8,0.06980000000001066,71
8,0.06980000000001065,72
8,0.06980000000001065,73
8,0.06980000000001065,74
8,0.06980000000001065,75
8,0.06980000000001081,76
8,0.06980000000001081,77
8,0.06980000000001088,78
8,0.06980000000001088,79
8,0.06980000000001088,80
8,0.06980000000001088,81
8,0.0698000000000113,82
8,0.0698000000000113,83
8,0.06980000000001184,84
8,0.06980000000001184,85
8,0.06980000000001184,86
8,0.06980000000001184,87
8,0.06980000000001169,88
8,0.06980000000001171,89
8,0.06980000000001137,90
8,0.06980000000001137,91
8,0.06980000000001137,92
8,0.06980000000001137,93
8,0.06959250000000988,94
8,0.06958611111112097,95
8,0.2106602777778072,96
8,0.2106602777778072,97
8,0.21066027777780727,98
8,0.21066027777780744,99
8,0.21066027777780763,100
8,0.21056333333336333,101
8,0.21056333333336333,102
8,0.2105633333333634,103
8,0.2104663888889191,104
8,0.21046638888891897,105
8,0.2104663888889191,106
8,0.21046638888891905,107
8,0.21027250000003012,108
8,0.2102725000000302,109
8,0.21027250000003,110
8,0.21027250000002987,111
8,0.21027250000002987,112
8,0.21027250000002987,113
8,0.21036944444447433,114
8,0.21036944444447433,115
8,0.21036944444447436,116
8,0.21046638888891886,117
8,0.2109511111111411,118
8,0.210911944444473,119
8,0.21027500000002905,120
8,0.20969083333336275,121
8,0.20969083333336275,122
8,0.20978777777780722,123
8,0.20978777777780722,124
8,0.20988472222225166,125
8,0.20988472222225163,126
8,0.2099816666666961,127
8,0.03538472222222598,128
8,0.03538472222222596,129
8,0.03519083333333705,130
8,0.03509388888889256,131
8,0.03519083333333705,132
8,0.03528777777778153,133
8,0.035578611111114815,134
8,0.03480305555555941,135
8,0.03480305555555941,136
8,0.03490000000000389,137
8,0.03490000000000389,138
8,0.03480305555555947,139
8,0.034512222222226004,140
8,0.034803055555560354,141
8,0.03422138888889342,142
8,0.034415277777781896,143
8,0.034318333333337406,144
8,0.03402750000000394,145
8,0.03402750000000394,146
8,0.034124444444448426,147
8,0.03402750000000394,148
8,0.03422138888889287,149
8,0.03509388888889292,150
8,0.034996944444448515,151
8,0.03499694444444853,152
8,0.034996944444448515,153
8,0.03499694444444853,154
8,0.03393055555555921,155
8,0.034027500000003714,156
8,0.0340275000000037,157
8,0.0340275000000037,158
8,0.034027500000003714,159
8,0.05981472222223038,160
8,0.06078416666667463,161
8,0.06029944444445219,162
8,0.060299444444452156,163
8,0.059523888888896245,164
8,0.05923305555556281,165
8,0.05903916666667396,166
8,0.05894222222222941,167
8,0.05894222222222947,168
8,0.05894222222222952,169
8,0.05894222222222952,170
8,0.0594269444444513,171
8,0.059136111111117835,172
8,0.05962083333334031,173
8,0.05991166666667365,174
8,0.0599116666666736,175
8,0.05981472222222913,176
8,0.059814722222229146,177
8,0.05923305555556264,178
8,0.05903916666667373,179
8,0.05903916666667379,180
8,0.05913611111111827,181
8,0.0589422222222293,182
8,0.05884527777778475,183
8,0.05865138888889583,184
8,0.058942222222229175,185
8,0.058942222222229175,186
8,0.05923305555556256,187
8,0.05933000000000711,188
8,0.05952388888889631,189
8,0.05991166666667423,190
8,0.060202500000008714,191
8,0.04585472222222732,192
8,0.04558527777778148,193
8,0.044400555555559926,194
8,0.044400555555559926,195
8,0.044400555555559926,196
8,0.044400555555559926,197
8,0.04410972222222665,198
8,0.04401277777778247,199
8,0.04401277777778246,200
8,0.04401277777778249,201
8,0.04401277777778249,202
8,0.04401277777778249,203
8,0.04391583333333807,204
8,0.04372194444444921,205
8,0.043625000000004785,206
8,0.043625000000004785,207
8,0.043528055555560365,208
8,0.043528055555560365,209
8,0.04362500000000529,210
8,0.04362500000000548,211
8,0.04352805555556131,212
8,0.04343111111111688,213
8,0.04343111111111688,214
8,0.04333416666667246,215
8,0.043334166666671954,216
8,0.043334166666671954,217
8,0.04343111111111638,218
8,0.04343111111111638,219
8,0.04343111111111638,220
8,0.04362500000000523,221
8,0.0435280555555608,222
8,0.04430361111111621,223
8,0.03257333333333888,224
8,0.03257333333333877,225
8,0.03257333333333882,226
8,0.03257333333333847,227
8,0.03257333333333847,228
8,0.03257333333333846,229
8,0.03257333333333846,230
8,0.03257333333333845,231
8,0.03257333333333845,232
8,0.03257333333333845,233
8,0.03257333333333845,234
8,0.03257333333333846,235
8,0.03257333333333846,236
8,0.032573333333338485,237
8,0.032573333333338485,238
8,0.032573333333338485,239
8,0.032573333333338485,240
8,0.032573333333338485,241
8,0.032573333333338485,242
8,0.032573333333338485,243
8,0.032573333333338485,244
8,0.032573333333338485,245
8,0.032573333333338485,246
8,0.032573333333338485,247
8,0.03257333333333842,248
8,0.03257333333333943,249
8,0.03257333333333943,250
8,0.03257333333333943,251
8,0.03257333333333943,252
8,0.03257333333333943,253
8,0.03257333333333943,254
8,0.03257333333333943,255
15,0.1551111111111314,0
15,0.15511111111113146,1
15,0.15511111111113163,2
15,0.15511111111113174,3
15,0.1551111111111319,4
15,0.15511111111113196,5
15,0.15511111111113207,6
15,0.15511111111113213,7
15,0.15511111111113235,8
15,0.15511111111113235,9
15,0.15511111111113243,10
15,0.15511111111113243,11
15,0.1551111111111325,12
15,0.1551111111111325,13
15,0.15511111111113257,14
15,0.15356000000002065,15
15,0.15356000000002074,16
15,0.1535600000000202,17
15,0.9756727777777872,18
15,0.9756677777777871,19
15,0.9750730555555649,20
15,0.9750658333333426,21
15,0.9750530555555649,22
15,0.9749944444444538,23
15,0.9749822222222317,24
15,0.9750233333333428,25
15,0.9752063888888983,26
15,0.9751661111111206,27
15,0.9750500000000092,28
15,0.9750391666666758,29
15,0.9749655555555647,30
15,0.9749530555555648,31
15,0.974947777777787,32
15,0.975614166666676,33
15,0.975297777777787,34
15,0.06349861111111862,35
15,0.06320777777778522,36
15,0.06330472222222965,37
15,0.06446805555556376,38
15,0.06475888888889708,39
15,0.06504972222223046,40
15,0.06563138888889739,41
15,0.0661161111111198,42
15,0.06592222222223082,43
15,0.0658252777777863,44
15,0.0656313888888975,45
15,0.06553444444445294,46
15,0.06572833333334197,47
15,0.06427416666667475,48
15,0.06417722222223032,49
15,0.06340166666667435,50
15,0.06388638888889668,51
15,0.16286666666668945,52
15,0.16286666666668945,53
15,0.16276972222224503,54
15,0.16335138888891165,55
15,0.16412694444446718,56
15,0.16432083333335618,57
15,0.16325444444446757,58
15,0.16354527777780123,59
15,0.1624788888889121,60
15,0.16257583333335687,61
15,0.16218805555557908,62
15,0.16160638888891227,63
15,0.1615094444444677,64
15,0.16150944444446744,65
15,0.1613155555555784,66
15,0.1613155555555784,67
15,0.1614125000000228,68
15,0.04091055555556017,69
15,0.041104444444448864,70
15,0.040716666666670925,71
15,0.04081361111111543,72
15,0.040813611111115415,73
15,0.040716666666671,74
15,0.040716666666671,75
15,0.04071666666667102,76
15,0.041007500000004284,77
15,0.040425833333336846,78
15,0.04042583333333686,79
15,0.04042583333333687,80
15,0.04042583333333687,81
15,0.04023194444444796,82
15,0.039262500000003704,83
15,0.04032888888889346,84
15,0.04032888888889347,85
15,0.13184444444446494,86
15,0.13184444444446494,87
15,0.13184444444446508,88
15,0.13184444444446508,89
15,0.13184444444446564,90
15,0.13184444444446564,91
15,0.13184444444446564,92
15,0.13184444444446566,93
15,0.13184444444446566,94
15,0.1318444444444657,95
15,0.1316369444444642,96
15,0.1316305555555753,97
15,0.13029333333335383,98
15,0.13029333333335383,99
15,0.13029333333335383,100
15,0.13029333333335383,101
15,0.1302933333333538,102
15,0.06204444444445432,103
15,0.06204444444445432,104
15,0.06204444444445432,105
15,0.06204444444445533,106
15,0.06204444444445533,107
15,0.06204444444445531,108
15,0.062044444444455185,109
15,0.06204444444445509,110
15,0.06204444444445474,111
15,0.06049333333334292,112
15,0.06049333333334292,113
15,0.060493333333343086,114
15,0.0604933333333431,115
15,0.060493333333343204,116
15,0.060493333333343204,117
15,0.060493333333343204,118
15,0.060493333333343204,119
15,0.06427416666667374,120
15,0.06446805555556262,121
15,0.06475888888889596,122
15,0.0648558333333404,123
15,0.06504972222222928,124
15,0.06504972222222928,125
15,0.06514666666667374,126
15,0.06514666666667374,127
15,0.06514666666667324,128
15,0.06514666666667322,129
15,0.06514666666667324,130
15,0.06504972222222881,131
15,0.06514666666667325,132
15,0.06514666666667357,133
15,0.06514666666667412,134
15,0.06514666666667422,135
15,0.06514666666667444,136
15,0.04653333333333988,137
15,0.046533333333340386,138
15,0.046533333333340574,139
15,0.04653333333334108,140
15,0.04653333333334108,141
15,0.04653333333334108,142
15,0.04653333333334108,143
15,0.04653333333334108,144
15,0.04653333333334056,145
15,0.046533333333340594,146
15,0.046533333333340594,147
15,0.046166944444450325,148
15,0.04498222222222877,149
15,0.04498222222222877,150
15,0.04498222222222877,151
15,0.04498222222222877,152
15,0.04498222222222877,153
15,0.06359555555556949,154
15,0.06359555555556949,155
15,0.06359555555556949,156
15,0.06359555555556949,157
15,0.06359555555556942,158
15,0.0635955555555696,159
15,0.06359555555556967,160
15,0.06359555555556967,161
15,0.06359555555557068,162
15,0.06359555555557068,163
15,0.06359555555557068,164
15,0.06359555555557068,165
15,0.06359555555557055,166
15,0.06359555555557017,167
15,0.06359555555557017,168
15,0.06204444444445835,169
15,0.06204444444445838,170
15,0.13184444444446472,171
15,0.13184444444446478,172
15,0.13184444444446455,173
15,0.13184444444446428,174
15,0.13184444444446428,175
15,0.13184444444446428,176
15,0.1318444444444643,177
15,0.1318444444444643,178
15,0.1318444444444643,179
15,0.13170833333335158,180
15,0.13087750000001958,181
15,0.1302933333333533,182
15,0.1302933333333535,183
15,0.13029333333335355,184
15,0.1302933333333537,185
15,0.1302933333333537,186
15,0.1302933333333537,187
15,0.08223527777779198,188
15,0.08143333333334812,189
15,0.08143333333334873,190
15,0.0828875000000156,191
15,0.08288750000001563,192
15,0.08288750000001563,193
15,0.08288750000001563,194
15,0.08288750000001563,195
15,0.08288750000001563,196
15,0.08240500000001415,197
15,0.08238694444445871,198
15,0.08237527777779206,199
15,0.08090250000001409,200
15,0.08088416666668069,201
15,0.08087000000001404,202
15,0.080826388888903,203
15,0.08077527777779185,204
15,0.031700833333336315,205
15,0.03160388888889189,206
15,0.03150694444444746,207
15,0.03141000000000304,208
15,0.03141000000000304,209
15,0.03131305555555861,210
15,0.03131305555555861,211
15,0.03150694444444746,212
15,0.03150694444444746,213
15,0.032573333333336146,214
15,0.03247638888889172,215
15,0.03247638888889273,216
15,0.032379444444448305,217
15,0.03170083333333682,218
15,0.03170083333333682,219
15,0.03170083333333682,220
15,0.03170083333333682,221
15,0.02627194444444759,222
15,0.02627194444444759,223
15,0.027629166666670008,224
15,0.028016944444447963,225
15,0.028016944444447914,226
15,0.027532222222225518,227
15,0.02753222222222547,228
15,0.02753222222222547,229
15,0.02753222222222547,230
15,0.025496388888891695,231
15,0.024720833333335735,232
15,0.024623888888891294,233
15,0.024623888888891294,234
15,0.024623888888891294,235
15,0.025981111111114265,236
15,0.025981111111114265,237
15,0.025981111111114265,238
15,0.03674194444444953,239
15,0.03635416666667175,240
15,0.03480305555556019,241
15,0.03480305555556019,242
15,0.03490000000000438,243
15,0.034900000000005135,244
15,0.03625722222222734,245
15,0.03625722222222734,246
15,0.03625722222222734,247
15,0.03625722222222734,248
15,0.03625722222222736,249
15,0.03625722222222737,250
15,0.036257222222227374,251
15,0.036257222222227374,252
15,0.036257222222227374,253
15,0.03625722222222731,254
15,0.03625722222222731,255
22,0.979674166666696,0
22,0.9796616666666964,1
22,0.9789777777778074,2
22,0.9789655555555853,3
22,0.9789400000000298,4
22,0.9789300000000298,5
22,0.9786341666666964,6
22,0.978621111111141,7
22,0.9786138888889186,8
22,0.9785983333333632,9
22,0.9794677777778072,10
22,0.9794569444444738,11
22,0.02675666666666989,12
22,0.026562777777780912,13
22,0.026562777777780912,14
22,0.027920000000002873,15
22,0.027920000000002873,16
22,0.02937416666666975,17
22,0.029761944444447706,18
22,0.02927722222222526,19
22,0.029665000000003217,20
22,0.029665000000003217,21
22,0.02859861111111485,22
22,0.028113888888892404,23
22,0.06601916666667483,24
22,0.06592222222223033,25
22,0.065631388888897,26
22,0.06669777777778653,27
22,0.06650388888889767,28
22,0.06757027777778693,29
22,0.06776416666667573,30
22,0.06795805555556438,31
22,0.06708555555556404,32
22,0.06747333333334206,33
22,0.06660083333334187,34
22,0.0668916666666753,35
22,0.1855516666666946,36
22,0.18526083333336124,37
22,0.1853577777778057,38
22,0.18545472222225098,39
22,0.18613333333336224,40
22,0.1861333333333623,41
22,0.186133333333362,42
22,0.18613333333336202,43
22,0.186133333333362,44
22,0.18599722222224932,45
22,0.18516638888891648,46
22,0.18458222222225015,47
22,0.04255861111111552,48
22,0.04255861111111546,49
22,0.044012777777782223,50
22,0.04410972222222616,51
22,0.04410972222222617,52
22,0.04401277777778167,53
22,0.04410972222222611,54
22,0.0444005555555592,55
22,0.04430361111111473,56
22,0.04517611111111543,57
22,0.04537000000000441,58
22,0.04323722222222712,59
22,0.18613333333336238,60
22,0.18613333333336243,61
22,0.18613333333336254,62
22,0.18613333333336254,63
22,0.18613333333336307,64
22,0.18613333333336307,65
22,0.1861333333333631,66
22,0.1861333333333631,67
22,0.18613333333336307,68
22,0.18613333333336307,69
22,0.1859258333333616,70
22,0.18591944444447267,71
22,0.08686222222223629,72
22,0.0868622222222362,73
22,0.08686222222223625,74
22,0.0868622222222359,75
22,0.0868622222222359,76
22,0.0868622222222369,77
22,0.0868622222222369,78
22,0.0868622222222369,79
22,0.0868622222222369,80
22,0.0868622222222369,81
22,0.0868622222222369,82
22,0.0868622222222369,83
22,0.08918888888890866,84
22,0.08928583333335309,85
22,0.0892858333333539,86
22,0.08880111111113156,87
22,0.0890919444444649,88
22,0.08860722222224258,89
22,0.08831638888890916,90
22,0.08841333333335348,91
22,0.08812250000001964,92
22,0.08909194444446457,93
22,0.08899500000002035,94
22,0.08744388888890853,95
22,0.03257333333333847,96
22,0.03257333333333847,97
22,0.031022222222226645,98
22,0.031022222222226645,99
22,0.031022222222226645,100
22,0.031022222222226645,101
22,0.031022222222226663,102
22,0.031022222222226663,103
22,0.031022222222226663,104
22,0.031022222222227166,105
22,0.031022222222227103,106
22,0.031022222222227357,107
22,0.04721194444445072,108
22,0.048084444444450834,109
22,0.04808444444445109,110
22,0.04808444444445109,111
22,0.04808444444445109,112
22,0.04808444444445109,113
22,0.04808444444445109,114
22,0.04798750000000664,115
22,0.04798750000000664,116
22,0.04798750000000617,117
22,0.04798750000000612,118
22,0.04798750000000617,119
22,0.008531111111111992,120
22,0.008531111111111992,121
22,0.008434166666667535,122
22,0.008434166666667535,123
22,0.008434166666667535,124
22,0.008434166666667535,125
22,0.006980000000000927,126
22,0.006980000000000927,127
22,0.006980000000000927,128
22,0.006980000000000927,129
22,0.006980000000000927,130
22,0.006980000000000927,131
22,0.05176833333334058,132
22,0.0507019444444512,133
22,0.050701944444451176,134
22,0.050701944444451176,135
22,0.05176833333334002,136
22,0.05186527777778446,137
22,0.0519622222222289,138
22,0.0520591666666732,139
22,0.05205916666667344,140
22,0.05322250000000737,141
22,0.0529316666666744,142
22,0.0517683333333411,143
22,0.06049333333334213,144
22,0.060493333333342274,145
22,0.060493333333342385,146
22,0.06049333333334251,147
22,0.05894222222223069,148
22,0.05894222222223069,149
22,0.05894222222223069,150
22,0.0589422222222307,151
22,0.05894222222223072,152
22,0.05894222222223086,153
22,0.05894222222223059,154
22,0.058942222222230896,155
22,0.026368888888892394,156
22,0.026368888888892394,157
22,0.026368888888892394,158
22,0.02617500000000348,159
22,0.02607805555555902,160
22,0.026368888888892394,161
22,0.026368888888892394,162
22,0.026368888888892394,163
22,0.024817777777781075,164
22,0.024817777777781075,165
22,0.024817777777781075,166
22,0.024817777777781075,167
22,0.18797527777780504,168
22,0.18778138888891616,169
22,0.18710277777780515,170
22,0.186908888888916,171
22,0.18710277777780476,172
22,0.18681194444447144,173
22,0.18690888888891588,174
22,0.18719972222224915,175
22,0.1872966666666941,176
22,0.1874905555555834,177
22,0.1874905555555835,178
22,0.1892355555555804,179
22,0.18913861111113622,180
22,0.18904166666669187,181
22,0.18913861111113633,182
22,0.18875083333335851,183
22,0.18855694444446972,184
22,0.1872966666666907,185
22,0.18758750000002408,186
22,0.18768444444446883,187
22,0.18768444444446883,188
22,0.18768444444446927,189
22,0.027144444444447538,190
22,0.02714444444444855,191
22,0.028598611111115453,192
22,0.028598611111115453,193
22,0.028598611111115422,194
22,0.028598611111115422,195
22,0.028598611111114915,196
22,0.028598611111114915,197
22,0.028598611111114915,198
22,0.027047500000003093,199
22,0.027047500000003093,200
22,0.032573333333337236,201
22,0.03257333333333722,202
22,0.03257333333333722,203
22,0.03257333333333722,204
22,0.03257333333333723,205
22,0.0325733333333375,206
22,0.032573333333337506,207
22,0.032573333333337506,208
22,0.032573333333337506,209
22,0.032573333333337444,210
22,0.031022222222226378,211
22,0.11570555555557681,212
22,0.11568722222224341,213
22,0.11567305555557662,214
22,0.11543555555557623,215
22,0.11557833333335409,216
22,0.11548722222224411,217
22,0.11468527777780013,218
22,0.11478222222224461,219
22,0.11429972222224345,220
22,0.11418472222224346,221
22,0.11417305555557682,222
22,0.03722666666667217,223
22,0.03722666666667217,224
22,0.037226666666672154,225
22,0.03722666666667244,226
22,0.03722666666667244,227
22,0.03722666666667244,228
22,0.03722666666667301,229
22,0.037226666666673194,230
22,0.03722666666667338,231
22,0.03686027777778261,232
22,0.03567555555556105,233
22,0.041880000000003394,234
22,0.04149222222222563,235
22,0.04149222222222562,236
22,0.04149222222222587,237
22,0.04178305555555921,238
22,0.04178305555555971,239
22,0.04168611111111527,240
22,0.04178305555555971,241
22,0.04023194444444789,242
22,0.04032888888889227,243
22,0.04032888888889227,244
22,0.017837777777779392,245
22,0.017837777777779392,246
22,0.017837777777779392,247
22,0.0178377777777804,248
22,0.01812861111111368,249
22,0.016383611111113004,250
22,0.017450000000001686,251
22,0.017353055555557263,252
22,0.017353055555557263,253
22,0.017353055555557263,254
22,0.017353055555557263,255
29,0.9828486111111637,0
29,0.9835922222222744,1
29,0.9834900000000522,2
29,0.9831952777778301,3
29,0.9833663888889411,4
29,0.9829602777778302,5
29,0.9827752777778305,6
29,0.9827308333333856,7
29,0.9826286111111637,8
29,0.030925277777781462,9
29,0.03024666666667004,10
29,0.029858888888892085,11
29,0.029858888888892085,12
29,0.028404722222225634,13
29,0.0286955555555591,14
29,0.028986388888892062,15
29,0.02956805555555906,16
29,0.030925277777781444,17
29,0.06815194444445341,18
29,0.06834583333334238,19
29,0.06873361111112032,20
29,0.0684427777777867,21
29,0.06815194444445331,22
29,0.06805500000000883,23
29,0.06970305555556518,24
29,0.06834583333334233,25
29,0.0685397222222312,26
29,0.24633583333337133,27
29,0.24701444444448248,28
29,0.24701444444448228,29
29,0.24720833333337092,30
29,0.2472083333333709,31
29,0.24701444444448195,32
29,0.24687833333337014,33
29,0.24604750000003744,34
29,0.2456572222222603,35
29,0.04721194444444835,36
29,0.04740583333333733,37
29,0.04624250000000424,38
29,0.04730888888889341,39
29,0.04721194444444886,40
29,0.04730888888889361,41
29,0.04633944444444868,42
29,0.04692111111111509,43
29,0.04682416666667059,44
29,0.24817777777781683,45
29,0.24817777777781738,46
29,0.24817777777781738,47
29,0.24817777777781724,48
29,0.24817777777781727,49
29,0.24817777777781683,50
29,0.24817777777781702,51
29,0.24797027777781552,52
29,0.24796388888892712,53
29,0.11633333333335273,54
29,0.11633333333335273,55
29,0.11633333333335275,56
29,0.11633333333335275,57
29,0.11633333333335263,58
29,0.11633333333335258,59
29,0.11478222222224051,60
29,0.11478222222224052,61
29,0.11478222222224162,62
29,0.11662416666669422,63
29,0.11672111111113832,64
29,0.11604250000002589,65
29,0.11652722222224832,66
29,0.11662416666669272,67
29,0.11643027777780378,68
29,0.11652722222224851,69
29,0.11604250000002657,70
29,0.11517000000002754,71
29,0.04188000000000618,72
29,0.04188000000000612,73
29,0.04188000000000612,74
29,0.04188000000000612,75
29,0.04188000000000612,76
29,0.04188000000000612,77
29,0.04188000000000664,78
29,0.04188000000000664,79
29,0.04032888888889507,80
29,0.031506944444449674,81
29,0.03150694444444992,82
29,0.03141000000000544,83
29,0.031506944444450936,84
29,0.031506944444450936,85
29,0.03141000000000649,86
29,0.032379444444450414,87
29,0.03247638888889489,88
29,0.030828333333338623,89
29,0.008531111111111992,90
29,0.008531111111111992,91
29,0.008531111111111992,92
29,0.008531111111111992,93
29,0.008531111111111992,94
29,0.008531111111111992,95
29,0.007076944444445385,96
29,0.007076944444445385,97
29,0.006980000000000927,98
29,0.03548166666667066,99
29,0.03490000000000397,100
29,0.036063333333337895,101
29,0.035578611111115696,102
29,0.03567555555555972,103
29,0.036935833333337456,104
29,0.03567555555556,105
29,0.034318333333337336,106
29,0.03519083333333735,107
29,0.08065777777778999,108
29,0.07910666666667761,109
29,0.07910666666667761,110
29,0.07910666666667776,111
29,0.07910666666667801,112
29,0.07910666666667832,113
29,0.07891277777778954,114
29,0.07910666666667862,115
29,0.07910666666667875,116
29,0.035384722222226925,117
29,0.03548166666667138,118
29,0.03412444444444898,119
29,0.03402750000000452,120
29,0.03354277777778224,121
29,0.03354277777778224,122
29,0.03373666666667115,123
29,0.03373666666667115,124
29,0.03383361111111561,125
29,0.19078666666669702,126
29,0.19078666666669739,127
29,0.19078666666669739,128
29,0.19078666666669739,129
29,0.19078666666669725,130
29,0.19078666666669694,131
29,0.19078666666669683,132
29,0.19068972222225233,133
29,0.19078666666669727,134
29,0.077555555555569,135
29,0.077555555555569,136
29,0.07755555555556899,137
29,0.07755555555556874,138
29,0.07755555555556974,139
29,0.07600444444445792,140
29,0.07600444444445792,141
29,0.07600444444445786,142
29,0.07600444444445789,143
29,0.03480305555556097,144
29,0.03325194444444915,145
29,0.03325194444444912,146
29,0.033251944444448615,147
29,0.033251944444448865,148
29,0.033251944444448865,149
29,0.033251944444448865,150
29,0.033251944444448865,151
29,0.033348888888894326,152
29,0.03257333333333847,153
29,0.03257333333333845,154
29,0.031022222222226628,155
29,0.031022222222226642,156
29,0.031022222222226652,157
29,0.031022222222226663,158
29,0.031022222222226663,159
29,0.031022222222227672,160
29,0.03102222222222761,161
29,0.14166222222224828,162
29,0.14047472222224838,163
29,0.1404566666666929,164
29,0.1401541666666928,165
29,0.14013555555558171,166
29,0.14050500000002628,167
29,0.14039388888891502,168
29,0.1402533333333591,169
29,0.14029916666669243,170
29,0.04653333333334108,171
29,0.04616694444445081,172
29,0.044982222222229244,173
29,0.04498222222222877,174
29,0.04498222222222877,175
29,0.044982222222229334,176
29,0.04498222222222953,177
29,0.04498222222222978,178
29,0.044982222222229716,179
29,0.02326666666666999,180
29,0.0232666666666695,181
29,0.02326666666666949,182
29,0.021715555555557667,183
29,0.021715555555558867,184
29,0.021715555555558867,185
29,0.021715555555558867,186
29,0.021715555555558867,187
29,0.021715555555558867,188
29,0.019485833333335638,189
29,0.019485833333335638,190
29,0.019485833333335638,191
29,0.01967972222222449,192
29,0.01967972222222449,193
29,0.020746111111113175,194
29,0.020649166666669758,195
29,0.020552222222225334,196
29,0.020552222222225334,197
29,0.038390000000002936,198
29,0.038390000000002936,199
29,0.038390000000002936,200
29,0.03809916666666985,201
29,0.037808333333336525,202
29,0.03625722222222423,203
29,0.036354166666669685,204
29,0.03712972222222515,205
29,0.03693583333333627,206
29,0.07571361111111503,207
29,0.07581055555555903,208
29,0.07600444444444791,209
29,0.07600444444444829,210
29,0.0758105555555594,211
29,0.07600444444444829,212
29,0.07571361111111491,213
29,0.07571361111111491,214
29,0.07561666666667072,215
29,0.03257333333333809,216
29,0.03257333333333815,217
29,0.03257333333333847,218
29,0.032573333333338485,219
29,0.032573333333338485,220
29,0.032573333333338485,221
29,0.03257333333333842,222
29,0.03257333333333867,223
29,0.03567555555555829,224
29,0.03509388888889117,225
29,0.03509388888889174,226
29,0.03509388888889208,227
29,0.03509388888889231,228
29,0.03567555555555897,229
29,0.03567555555555897,230
29,0.03567555555555897,231
29,0.032573333333334634,232
29,0.03237944444444628,233
29,0.03237944444444628,234
29,0.03237944444444627,235
29,0.03237944444444626,236
29,0.030828333333334693,237
29,0.030828333333334627,238
29,0.030537500000001303,239
29,0.009306666666666455,240
29,0.009306666666666455,241
29,0.009306666666666455,242
29,0.009209722222222026,243
29,0.009015833333333837,244
29,0.009112777777778264,245
29,0.009112777777778263,246
29,0.009112777777778263,247
29,0.088413333333348,248
29,0.088413333333348,249
29,0.08686222222223662,250
29,0.08686222222223669,251
29,0.08686222222223669,252
29,0.08686222222223673,253
29,0.08686222222223702,254
29,0.08686222222223708,255
36,0.9847305555556176,0
36,0.9847263888889513,1
36,0.9853027777778399,2
36,0.985301666666729,3
36,0.9852650000000623,4
36,0.9852411111111731,5
36,0.9846488888889515,6
36,0.9846297222222846,7
36,0.047987500000004166,8
36,0.047599722222226214,9
36,0.04759972222222623,10
36,0.047405833333337186,11
36,0.04759972222222607,12
36,0.048666111111115684,13
36,0.04944166666667136,14
36,0.04886000000000463,15
36,0.0383900000000051,16
36,0.03819611111111619,17
36,0.03819611111111619,18
36,0.03809916666667173,19
36,0.03693583333333824,20
36,0.03848694444444956,21
36,0.0383900000000051,22
36,0.03809916666667173,23
36,0.06989694444445406,24
36,0.07018777777778736,25
36,0.06883055555556482,26
36,0.06883055555556457,27
36,0.06737638888889735,28
36,0.0681519444444534,29
36,0.0686366666666757,30
36,0.07018777777778763,31
36,0.008628055555556449,32
36,0.008628055555556449,33
36,0.008531111111111992,34
36,0.008531111111111992,35
36,0.008531111111111992,36
36,0.008531111111111992,37
36,0.007076944444445385,38
36,0.3195288888889393,39
36,0.31952888888894,40
36,0.3195288888889398,41
36,0.31932138888893846,42
36,0.31931500000004914,43
36,0.31797777777782776,44
36,0.3179777777778282,45
36,0.042655555555562004,46
36,0.042655555555561976,47
36,0.042655555555561976,48
36,0.041104444444450154,49
36,0.041104444444450154,50
36,0.04110444444444965,51
36,0.042558611111117306,52
36,0.1489066666666912,53
36,0.1489066666666912,54
36,0.1489066666666912,55
36,0.14890666666669114,56
36,0.14890666666669103,57
36,0.14890666666669114,58
36,0.14890666666669183,59
36,0.14502888888892213,60
36,0.14435027777781048,61
36,0.14134500000003122,62
36,0.1399877777778091,63
36,0.13882444444447609,64
36,0.13795194444447625,65
36,0.13950305555558787,66
36,0.18458222222225149,67
36,0.18458222222225162,68
36,0.18458222222225162,69
36,0.18458222222225162,70
36,0.1845822222222512,71
36,0.182934166666695,72
36,0.18303111111113993,73
36,0.03916555555556273,74
36,0.03926250000000722,75
36,0.03945638888889641,76
36,0.0405227777777852,77
36,0.040522777777785735,78
36,0.040328888888896845,79
36,0.0386808333333406,80
36,0.031410000000003734,81
36,0.031700833333337244,82
36,0.031894722222226224,83
36,0.031410000000003845,84
36,0.030634444444447805,85
36,0.03014972222222536,86
36,0.03131305555555929,87
36,0.05428888888889647,88
36,0.05428888888889748,89
36,0.05428888888889748,90
36,0.054288888888897414,91
36,0.05273777777778559,92
36,0.05273777777778559,93
36,0.0527377777777851,94
36,0.2715438888889313,95
36,0.271153611111154,96
36,0.2711536111111542,97
36,0.27115361111115416,98
36,0.27095972222226533,99
36,0.2712505555555985,100
36,0.2711144444444855,101
36,0.09927111111112899,102
36,0.09927111111112852,103
36,0.09927111111112844,104
36,0.0992711111111287,105
36,0.0992711111111287,106
36,0.09772000000001688,107
36,0.09772000000001688,108
36,0.040038055555559976,109
36,0.03994111111111555,110
36,0.03858388888889408,111
36,0.04013500000000521,112
36,0.03974722222222736,113
36,0.03974722222222735,114
36,0.03858388888889346,115
36,0.026368888888892692,116
36,0.026368888888892678,117
36,0.02636888888889269,118
36,0.026368888888892963,119
36,0.026368888888892963,120
36,0.0263688888888929,121
36,0.024817777777781835,122
36,0.17690777777780972,123
36,0.17631444444447722,124
36,0.1755202777778099,125
36,0.17763472222225507,126
36,0.17752361111114437,127
36,0.1771891666666995,128
36,0.17285416666669745,129
36,0.05894222222223118,130
36,0.05894222222223137,131
36,0.058942222222231916,132
36,0.058575833333341876,133
36,0.05739111111112057,134
36,0.057391111111120066,135
36,0.057391111111120066,136
36,0.02433305555555996,137
36,0.022781944444448136,138
36,0.02404222222222567,139
36,0.02404222222222567,140
36,0.02404222222222567,141
36,0.023945277777781243,142
36,0.02384833333333682,143
36,0.1020825000000145,144
36,0.10217944444445902,145
36,0.10217944444445926,146
36,0.10217944444445955,147
36,0.10237333333334868,148
36,0.10082222222223698,149
36,0.10072527777779265,150
36,0.018613333333335445,151
36,0.017062222222224633,152
36,0.017062222222224886,153
36,0.017062222222224886,154
36,0.01706222222222487,155
36,0.01706222222222487,156
36,0.01706222222222438,157
36,0.03722666666667217,158
36,0.03722666666667217,159
36,0.03722666666667217,160
36,0.03722666666667244,161
36,0.03722666666667269,162
36,0.03722666666667307,163
36,0.03722666666667256,164
36,0.029471111111115833,165
36,0.029471111111115833,166
36,0.029471111111115833,167
36,0.02947111111111582,168
36,0.027920000000003994,169
36,0.027920000000003522,170
36,0.027920000000003775,171
36,0.02462388888888961,172
36,0.023072777777779052,173
36,0.02307277777777899,174
36,0.022781944444445656,175
36,0.021909444444445658,176
36,0.021618611111111817,177
36,0.02307277777777847,178
36,0.03257333333333657,179
36,0.031991666666669895,180
36,0.03199166666666996,181
36,0.03179777777778167,182
36,0.0317977777777818,183
36,0.03170083333333786,184
36,0.03170083333333729,185
36,0.10082222222223938,186
36,0.10082222222223895,187
36,0.09927111111112716,188
36,0.09927111111112748,189
36,0.09927111111112792,190
36,0.09927111111112798,191
36,0.09927111111112796,192
36,0.09607194444444896,193
36,0.09607194444444896,194
36,0.09549027777778232,195
36,0.095587222222227,196
36,0.09607194444444968,197
36,0.09723527777778315,198
36,0.09616888888889422,199
36,0.04701805555556152,200
36,0.04672722222222765,201
36,0.04798750000000543,202
36,0.04643638888889462,203
36,0.04643638888889464,204
36,0.04643638888889462,205
36,0.046436388888894856,206
36,0.01056694444444397,207
36,0.010373055555556005,208
36,0.010566944444444937,209
36,0.010760833333333785,210
36,0.010760833333333785,211
36,0.010470000000000161,212
36,0.00901583333333289,213
36,0.03257333333333847,214
36,0.03257333333333946,215
36,0.03102222222222764,216
36,0.031022222222227544,217
36,0.031022222222227166,218
36,0.031022222222227103,219
36,0.031022222222227357,220
36,0.031022222222227655,221
36,0.02947111111111582,222
36,0.02947111111111582,223
36,0.02947111111111585,224
36,0.02947111111111536,225
36,0.029471111111115535,226
36,0.029471111111116544,227
36,0.009306666666666482,228
36,0.009306666666666262,229
36,0.00775555555555541,230
36,0.007755555555555386,231
36,0.007755555555555386,232
36,0.007755555555555386,233
36,0.007755555555555386,234
36,0.01832249999999945,235
36,0.01696527777777727,236
36,0.016771388888888385,237
36,0.016189722222221738,238
36,0.015511111111110646,239
36,0.016092777777777297,240
36,0.016771388888888385,241
36,0.02481777777777929,242
36,0.024817777777779576,243
36,0.02481777777778058,244
36,0.02481777777778058,245
36,0.02481777777778058,246
36,0.02326666666666875,247
36,0.023266666666668757,248
36,0.015511111111113205,249
36,0.013960000000001404,250
36,0.013960000000002677,251
36,0.013960000000002613,252
36,0.013960000000002613,253
36,0.013960000000002108,254
36,0.013960000000002108,255
43,0.9892463888889587,0
43,0.9893391666667368,1
43,0.9886330555556252,2
43,0.9886208333334031,3
43,0.9892338888889587,4
43,0.9891372222222923,5
43,0.11904777777779503,6
43,0.11914472222223964,7
43,0.11904777777779532,8
43,0.11895083333335113,9
43,0.11769055555557237,10
43,0.11769055555557269,11
43,0.07096333333334315,12
43,0.0706725000000095,13
43,0.06999388888889808,14
43,0.07076944444445414,15
43,0.06999388888889858,16
43,0.07106027777778784,17
43,0.10702666666668335,18
43,0.1070266666666828,19
43,0.1070266666666828,20
43,0.10702666666668305,21
43,0.10702666666668305,22
43,0.10547555555557123,23
43,0.049053888888893026,24
43,0.050895833333337206,25
43,0.05099277777778167,26
43,0.05244694444444851,27
43,0.05273777777778193,28
43,0.0499263888888935,29
43,0.3722666666667255,30
43,0.3722666666667255,31
43,0.37226666666672564,32
43,0.37226666666672564,33
43,0.37205916666672467,34
43,0.37205277777783574,35
43,0.17372444444447319,36
43,0.1737244444444731,37
43,0.17372444444447316,38
43,0.17372444444447277,39
43,0.17372444444447277,40
43,0.1737244444444738,41
43,0.06824888888889984,42
43,0.06824888888890009,43
43,0.06824888888890002,44
43,0.06824888888889954,45
43,0.06788250000000927,46
43,0.06669777777778828,47
43,0.03780833333333795,48
43,0.03674194444444934,49
43,0.03674194444444934,50
43,0.03645111111111477,51
43,0.03645111111111477,52
43,0.03625722222222671,53
43,0.07067250000002016,54
43,0.07173888888890903,55
43,0.07067250000002066,56
43,0.0687336111111325,57
43,0.0678611111111321,58
43,0.0698969444444654,59
43,0.1973002777778123,60
43,0.20038638888892532,61
43,0.2016286111111487,62
43,0.201713888888926,63
43,0.1990777777778134,64
43,0.19847777777781328,65
43,0.11633333333335165,66
43,0.11633333333335173,67
43,0.11633333333335165,68
43,0.11619722222223854,69
43,0.11478222222223941,70
43,0.11478222222224023,71
43,0.04992638888889552,72
43,0.04915083333333987,73
43,0.047405833333339635,74
43,0.046921111111117346,75
43,0.04653333333333952,76
43,0.04856916666667312,77
43,0.1094502777777837,78
43,0.1110013888888945,79
43,0.1100319444444503,80
43,0.10828694444445013,81
43,0.10857777777778359,82
43,0.10692972222222795,83
43,0.03189472222222616,84
43,0.03141000000000372,85
43,0.03170083333333718,86
43,0.03315500000000357,87
43,0.031991666666670714,88
43,0.03305805555555959,89
43,0.048860000000006516,90
43,0.048860000000006516,91
43,0.048860000000007495,92
43,0.048860000000007495,93
43,0.04730888888889593,94
43,0.04730888888889593,95
43,0.06359555555556513,96
43,0.06359555555556513,97
43,0.062044444444453305,98
43,0.06204444444445381,99
43,0.06204444444445375,100
43,0.062044444444454,101
43,0.04071666666667148,102
43,0.04052277777778224,103
43,0.04158916666667173,104
43,0.04255861111111698,105
43,0.04158916666667249,106
43,0.041783055555560764,107
43,0.02171555555555865,108
43,0.021715555555558663,109
43,0.020164444444446854,110
43,0.020164444444446605,111
43,0.020164444444447607,112
43,0.02016444444444754,113
43,0.031022222222226645,114
43,0.031022222222226628,115
43,0.031022222222226642,116
43,0.031022222222227672,117
43,0.029471111111115597,118
43,0.029471111111115535,119
43,0.02724138888889374,120
43,0.02724138888889374,121
43,0.02724138888889374,122
43,0.02588416666667077,123
43,0.02588416666667077,124
43,0.027047500000003877,125
43,0.008628055555556449,126
43,0.008628055555556449,127
43,0.008531111111111992,128
43,0.008531111111111992,129
43,0.008531111111111992,130
43,0.008531111111111992,131
43,0.04343111111111756,132
43,0.04343111111111762,133
43,0.04343111111111794,134
43,0.043431111111117957,135
43,0.043431111111117957,136
43,0.043431111111118206,137
43,0.11633333333335212,138
43,0.11633333333335219,139
43,0.11633333333335298,140
43,0.11633333333335302,141
43,0.11633333333335323,142
43,0.1163333333333533,143
43,0.0341244444444496,144
43,0.03412444444444953,145
43,0.034124444444449786,146
43,0.03412444444444977,147
43,0.032573333333337444,148
43,0.032573333333338485,149
43,0.03286416666667277,150
43,0.03286416666667277,151
43,0.03305805555556225,152
43,0.03296111111111772,153
43,0.03237944444445024,154
43,0.032088611111117125,155
43,0.11633333333335373,156
43,0.11633333333335373,157
43,0.11478222222224194,158
43,0.11478222222224194,159
43,0.11478222222224288,160
43,0.11478222222224288,161
43,0.05467666666667369,162
43,0.05438583333334036,163
43,0.05438583333334036,164
43,0.052834722222228535,165
43,0.05419194444445024,166
43,0.05419194444445124,167
43,0.011924166666666815,168
43,0.011924166666666817,169
43,0.012021111111111305,170
43,0.012021111111111319,171
43,0.011924166666666831,172
43,0.011924166666666833,173
43,0.02627194444444506,174
43,0.02627194444444607,175
43,0.02762916666666828,176
43,0.027338333333334977,177
43,0.02491472222222315,178
43,0.024720833333333945,179
43,0.010857777777777295,180
43,0.009306666666666514,181
43,0.009306666666666514,182
43,0.009306666666666475,183
43,0.009306666666666451,184
43,0.009306666666666451,185
43,0.017062222222224522,186
43,0.01706222222222505,187
43,0.01706222222222506,188
43,0.017062222222225247,189
43,0.015511111111113425,190
43,0.015511111111113425,191
43,0.03722666666667318,192
43,0.03722666666667316,193
43,0.03722666666667329,194
43,0.03722666666667294,195
43,0.035675555555561116,196
43,0.03567555555556105,197
43,0.018613333333332774,198
43,0.017353055555555035,199
43,0.017546944444443918,200
43,0.017353055555555035,201
43,0.017546944444443918,202
43,0.017449999999999476,203
43,0.03567555555556137,204
43,0.035675555555561594,205
43,0.03412444444444977,206
43,0.034124444444449294,207
43,0.03412444444445031,208
43,0.034124444444450244,209
43,0.1721733333333615,210
43,0.17217333333336127,211
43,0.17217333333336102,212
43,0.17217333333336102,213
43,0.1712063888889155,214
43,0.1706222222222494,215
43,0.010857777777779062,216
43,0.010857777777779316,217
43,0.01085777777777982,218
43,0.01085777777777982,219
43,0.01085777777777982,220
43,0.010857777777779774,221
43,0.03722666666667318,222
43,0.037226666666673416,223
43,0.03567555555556162,224
43,0.03567555555556162,225
43,0.035675555555561116,226
43,0.03567555555556156,227
43,0.013960000000002408,228
43,0.013960000000002408,229
43,0.013960000000002677,230
43,0.013960000000002677,231
43,0.012408888888891296,232
43,0.012408888888891296,233
43,0.017062222222222884,234
43,0.017062222222222374,235
43,0.017062222222222388,236
43,0.017062222222223655,237
43,0.017062222222223655,238
43,0.017062222222223585,239
43,0.08996444444446022,240
43,0.08996444444445979,241
43,0.08996444444445979,242
43,0.08996444444445997,243
43,0.08996444444446003,244
43,0.0884133333333482,245
43,0.03567555555556123,246
43,0.035675555555561435,247
43,0.0356755555555616,248
43,0.034124444444449294,249
43,0.034124444444449294,250
43,0.0868622222222362,251
43,0.08686222222223582,252
43,0.08686222222223594,253
43,0.08531111111112502,254
43,0.08531111111112512,255
50,0.9892463888889587,0
50,0.9893391666667368,1
50,0.9886330555556252,2
50,0.9886208333334031,3
50,0.9892338888889587,4
50,0.9891372222222923,5
50,0.04071666666667148,6
50,0.04052277777778224,7
50,0.04158916666667173,8
50,0.04255861111111698,9
50,0.04158916666667249,10
50,0.041783055555560764,11
50,0.3722666666667255,12
50,0.3722666666667255,13
50,0.37226666666672564,14
50,0.37226666666672564,15
50,0.37205916666672467,16
50,0.37205277777783574,17
50,0.1973002777778123,18
50,0.20038638888892532,19
50,0.2016286111111487,20
50,0.201713888888926,21
50,0.1990777777778134,22
50,0.19847777777781328,23
50,0.049053888888893026,24
50,0.050895833333337206,25
50,0.05099277777778167,26
50,0.05244694444444851,27
50,0.05273777777778193,28
50,0.0499263888888935,29
50,0.07096333333334315,30
50,0.0706725000000095,31
50,0.06999388888889808,32
50,0.07076944444445414,33
50,0.06999388888889858,34
50,0.07106027777778784,35
50,0.20940000000003414,36
50,0.2094000000000343,37
50,0.2078488888889235,38
50,0.20784888888892347,39
50,0.2078488888889234,40
50,0.015511111111112716,41
50,0.015511111111112716,42
50,0.015511111111112462,43
50,0.01396000000000064,44
50,0.013960000000001603,45
50,0.0822088888889017,46
50,0.0822088888889022,47
50,0.08184250000001192,48
50,0.08065777777779033,49
50,0.0806577777777909,50
50,0.13804888888891148,51
50,0.1378550000000226,52
50,0.13795194444446776,53
50,0.137951944444468,54
50,0.1382427777778014,55
50,0.03412444444444977,56
50,0.03412444444444977,57
50,0.03412444444445027,58
50,0.03412444444445031,59
50,0.03412444444445031,60
50,0.07532583333335552,61
50,0.0750350000000221,62
50,0.07532583333335609,63
50,0.07493805555557809,64
50,0.0717388888889106,65
50,0.05487055555556285,66
50,0.05622777777778525,67
50,0.05593694444445188,68
50,0.05477361111111839,69
50,0.054385833333340565,70
50,0.03189472222222605,71
50,0.0319916666666706,72
50,0.03315500000000346,73
50,0.03528777777778182,74
50,0.033445833333337414,75
50,0.020164444444447156,76
50,0.02016444444444718,77
50,0.020164444444448197,78
50,0.020164444444448135,79
50,0.01861333333333606,80
50,0.08686222222223518,81
50,0.08531111111112384,82
50,0.08531111111112405,83
50,0.08531111111112406,84
50,0.08531111111112408,85
50,0.0760044444444554,86
50,0.07600444444445642,87
50,0.0744533333333446,88
50,0.0744533333333446,89
50,0.0744533333333441,90
50,0.05816666666667518,91
50,0.05816666666667518,92
50,0.05661555555556358,93
50,0.056615555555564086,94
50,0.056615555555564086,95
50,0.025496388888891598,96
50,0.025787222222224942,97
50,0.025787222222225133,98
50,0.02559333333333631,99
50,0.025787222222226142,100
50,0.030343611111116376,101
50,0.030343611111116376,102
50,0.030537500000005227,103
50,0.030537500000006237,104
50,0.0318947222222282,105
50,0.010179166666667657,106
50,0.008628055555556449,107
50,0.008628055555556449,108
50,0.008531111111111992,109
50,0.008628055555556449,110
50,0.12670638888889607,111
50,0.12476750000000701,112
50,0.1218591666666737,113
50,0.12399194444445186,114
50,0.12379805555556274,115
50,0.14182972222224274,116
50,0.1402786111111318,117
50,0.14144194444446526,118
50,0.14153888888891009,119
50,0.14124805555557648,120
50,0.04032888888889436,121
50,0.04032888888889436,122
50,0.040328888888895305,123
50,0.04032888888889529,124
50,0.04032888888889529,125
50,0.052737777777785905,126
50,0.052737777777786224,127
50,0.052737777777786286,128
50,0.05118666666667429,129
50,0.05118666666667454,130
50,0.017062222222224654,131
50,0.01551111111111311,132
50,0.01551111111111311,133
50,0.01551111111111311,134
50,0.015511111111113038,135
50,0.014735555555555382,136
50,0.01366916666666689,137
50,0.01192416666666688,138
50,0.011827222222222369,139
50,0.013572222222222131,140
50,0.13833972222224633,141
50,0.13649777777780134,142
50,0.13649777777780128,143
50,0.13678861111113574,144
50,0.1366916666666912,145
50,0.020649166666669695,146
50,0.019098055555557873,147
50,0.019098055555557367,148
50,0.01909805555555838,149
50,0.01890416666666974,150
50,0.01861333333333636,151
50,0.018613333333336354,152
50,0.018613333333336122,153
50,0.018613333333335806,154
50,0.01861333333333606,155
50,0.06408027777778609,156
50,0.06524361111111888,157
50,0.06514666666667443,158
50,0.06359555555556361,159
50,0.0635955555555636,160
50,0.13960000000002126,161
50,0.1396000000000214,162
50,0.13946388888890968,163
50,0.13804888888891068,164
50,0.13804888888891018,165
50,0.04188000000000612,166
50,0.04188000000000711,167
50,0.04188000000000711,168
50,0.04188000000000716,169
50,0.04032888888889507,170
50,0.044982222222229765,171
50,0.04498222222222975,172
50,0.04343111111111793,173
50,0.043431111111118845,174
50,0.04343111111111846,175
50,0.012408888888888612,176
50,0.01240888888888839,177
50,0.01085777777777758,178
50,0.01085777777777758,179
50,0.01085777777777754,180
50,0.010857777777779569,181
50,0.010857777777779569,182
50,0.01085777777777982,183
50,0.009306666666667998,184
50,0.009306666666667494,185
50,0.019194999999999424,186
50,0.019679722222221634,187
50,0.01841944444444389,188
50,0.018613333333332774,189
50,0.018613333333332774,190
50,0.0868622222222362,191
50,0.08686222222223582,192
50,0.08686222222223594,193
50,0.08531111111112502,194
50,0.08531111111112512,195
50,0.1721733333333605,196
50,0.1721733333333613,197
50,0.17217333333336102,198
50,0.17217333333336102,199
50,0.17120638888891543,200
50,0.10857777777779613,201
50,0.10857777777779631,202
50,0.10702666666668549,203
50,0.10702666666668503,204
50,0.10702666666668503,205
50,0.018613333333334762,206
50,0.01861333333333426,207
50,0.018613333333334252,208
50,0.01861333333333419,209
50,0.017062222222223627,210
50,0.015704999999999376,211
50,0.016868333333333707,212
50,0.01686833333333399,213
50,0.015317222222222168,214
50,0.015317222222222105,215
50,0.019679722222226494,216
50,0.019679722222227507,217
50,0.019776666666671473,218
50,0.018710277777782065,219
50,0.019776666666671442,220
50,0.018613333333336344,221
50,0.018613333333336375,222
50,0.018613333333335806,223
50,0.017062222222224237,224
50,0.017062222222225247,225
50,0.01706222222222555,226
50,0.017062222222225042,227
50,0.015511111111113236,228
50,0.015511111111114499,229
50,0.015511111111114436,230
50,0.01861333333333562,231
50,0.01861333333333562,232
50,0.017062222222224362,233
50,0.01706222222222449,234
50,0.017062222222224237,235
50,0.013960000000001747,236
50,0.01396000000000195,237
50,0.01396000000000195,238
50,0.013960000000001934,239
50,0.013960000000001934,240
50,0.04343111111111775,241
50,0.04343111111111799,242
50,0.0418800000000061,243
50,0.04188000000000613,244
50,0.04188000000000715,245
50,0.03567555555556123,246
50,0.035675555555561435,247
50,0.0356755555555616,248
50,0.034124444444449294,249
50,0.034124444444449294,250
50,0.043431111111118005,251
50,0.04343111111111793,252
50,0.0434311111111184,253
50,0.04343111111111897,254
50,0.04343111111111922,255
57,0.053319444444449006,0
57,0.054482777777781606,1
57,0.05312555555555973,2
57,0.053319444444448263,3
57,0.05147750000000379,4
57,0.991885000000071,5
57,0.9912116666667377,6
57,0.9919763888889599,7
57,0.9918086111111821,8
57,0.9918930555556268,9
57,0.13960000000002126,10
57,0.1396000000000214,11
57,0.13946388888890968,12
57,0.13804888888891068,13
57,0.13804888888891018,14
57,0.07154500000000996,15
57,0.07173888888889882,16
57,0.0715450000000098,17
57,0.07076944444445432,18
57,0.07135111111112105,19
57,0.23085722222226354,20
57,0.22782166666670586,21
57,0.2280944444444834,22
57,0.2307002777778192,23
57,0.2268038888889303,24
57,0.44672000000007067,25
57,0.4467200000000708,26
57,0.4467200000000707,27
57,0.4465125000000696,28
57,0.4465061111111808,29
57,0.20940000000003414,30
57,0.2094000000000343,31
57,0.2078488888889235,32
57,0.20784888888892347,33
57,0.2078488888889234,34
57,0.0760044444444554,35
57,0.07600444444445642,36
57,0.0744533333333446,37
57,0.0744533333333446,38
57,0.0744533333333441,39
57,0.010857777777779569,40
57,0.010857777777779569,41
57,0.01085777777777982,42
57,0.009306666666667998,43
57,0.009306666666667494,44
57,0.03189472222222605,45
57,0.0319916666666706,46
57,0.03315500000000346,47
57,0.03528777777778182,48
57,0.033445833333337414,49
57,0.07532583333335552,50
57,0.0750350000000221,51
57,0.07532583333335609,52
57,0.07493805555557809,53
57,0.0717388888889106,54
57,0.04362500000000566,55
57,0.04343111111111677,56
57,0.0435280555555608,57
57,0.0448852777777839,58
57,0.04294638888889444,59
57,0.13804888888891148,60
57,0.1378550000000226,61
57,0.13795194444446776,62
57,0.137951944444468,63
57,0.1382427777778014,64
57,0.014735555555555382,65
57,0.01366916666666689,66
57,0.01192416666666688,67
57,0.011827222222222369,68
57,0.013572222222222131,69
57,0.08686222222223518,70
57,0.08531111111112384,71
57,0.08531111111112405,72
57,0.08531111111112406,73
57,0.08531111111112408,74
57,0.05487055555556285,75
57,0.05622777777778525,76
57,0.05593694444445188,77
57,0.05477361111111839,78
57,0.054385833333340565,79
57,0.00387777777777778,80
57,0.0038777777777777795,81
57,0.00387777777777778,82
57,0.0037808333333333357,83
57,0.0037808333333333357,84
57,0.01706222222222555,85
57,0.017062222222225042,86
57,0.015511111111113236,87
57,0.015511111111114499,88
57,0.015511111111114436,89
57,0.0822088888889017,90
57,0.0822088888889022,91
57,0.08184250000001192,92
57,0.08065777777779033,93
57,0.0806577777777909,94
57,0.030343611111116376,95
57,0.030343611111116376,96
57,0.030537500000005227,97
57,0.030537500000006237,98
57,0.0318947222222282,99
57,0.14182972222224274,100
57,0.1402786111111318,101
57,0.14144194444446526,102
57,0.14153888888891009,103
57,0.14124805555557648,104
57,0.010179166666667657,105
57,0.008628055555556449,106
57,0.008628055555556449,107
57,0.008531111111111992,108
57,0.008628055555556449,109
57,0.12670638888889607,110
57,0.12476750000000701,111
57,0.1218591666666737,112
57,0.12399194444445186,113
57,0.12379805555556274,114
57,0.020164444444447156,115
57,0.02016444444444718,116
57,0.020164444444448197,117
57,0.020164444444448135,118
57,0.01861333333333606,119
57,0.019194999999999424,120
57,0.019679722222221634,121
57,0.01841944444444389,122
57,0.018613333333332774,123
57,0.018613333333332774,124
57,0.052737777777785905,125
57,0.052737777777786224,126
57,0.052737777777786286,127
57,0.05118666666667429,128
57,0.05118666666667454,129
57,0.015511111111112716,130
57,0.015511111111112716,131
57,0.015511111111112462,132
57,0.01396000000000064,133
57,0.013960000000001603,134
57,0.13833972222224633,135
57,0.13649777777780134,136
57,0.13649777777780128,137
57,0.13678861111113574,138
57,0.1366916666666912,139
57,0.04188000000000964,140
57,0.04188000000000961,141
57,0.041880000000009354,142
57,0.04032888888889753,143
57,0.015511111111110552,144
57,0.013959999999999731,145
57,0.013959999999999709,146
57,0.013959999999999709,147
57,0.023266666666670058,148
57,0.023266666666670054,149
57,0.023266666666669822,150
57,0.02326666666667077,151
57,0.0558400000000093,152
57,0.05584000000000922,153
57,0.05428888888889828,154
57,0.054288888888897935,155
57,0.05273777777778667,156
57,0.052737777777786585,157
57,0.051186666666674784,158
57,0.05118666666667454,159
57,0.01240888888889136,160
57,0.010857777777779536,161
57,0.010857777777780485,162
57,0.010857777777780485,163
57,0.017062222222225233,164
57,0.01706222222222472,165
57,0.01706222222222472,166
57,0.0170622222222249,167
57,0.01861333333333636,168
57,0.01861333333333636,169
57,0.01861333333333636,170
57,0.01861333333333636,171
57,0.0511866666666738,172
57,0.051186666666674846,173
57,0.049635555555563024,174
57,0.04963555555556294,175
57,0.1085777777777952,176
57,0.10857777777779483,177
57,0.10702666666668399,178
57,0.10702666666668406,179
57,0.2154105555555905,180
57,0.2154105555555903,181
57,0.21444361111114457,182
57,0.21395638888892266,183
57,0.0170622222222225,184
57,0.01706222222222253,185
57,0.015511111111110457,186
57,0.015511111111111404,187
57,0.1349466666666901,188
57,0.13494666666669006,189
57,0.13494666666668995,190
57,0.13339555555557792,191
57,0.015511111111110773,192
57,0.015511111111110776,193
57,0.015511111111110776,194
57,0.013959999999999733,195
57,0.01531722222222601,196
57,0.015220277777782532,197
57,0.015123333333337995,198
57,0.01512333333333749,199
57,0.023266666666670297,200
57,0.023266666666669822,201
57,0.021715555555558947,202
57,0.021715555555558947,203
57,0.06824888888890003,204
57,0.06824888888890003,205
57,0.06669777777778768,206
57,0.06669777777778768,207
57,0.01861333333333568,208
57,0.01706222222222386,209
57,0.017062222222224886,210
57,0.01706222222222509,211
57,0.05428888888889748,212
57,0.05428888888889791,213
57,0.05428888888889844,214
57,0.05428888888889869,215
57,0.05428888888889723,216
57,0.052737777777785655,217
57,0.05273777777778563,218
57,0.05273777777778661,219
57,0.04498222222222915,220
57,0.04343111111111782,221
57,0.043431111111117936,222
57,0.043431111111117957,223
57,0.04343111111111799,224
57,0.04343111111111793,225
57,0.04188000000000711,226
57,0.0418800000000074,227
57,0.031894722222226515,228
57,0.031313055555559834,229
57,0.029761944444447762,230
57,0.030440555555558958,231
57,0.03916555555555634,232
57,0.038874722222223004,233
57,0.03732361111111116,234
57,0.037323611111112126,235
57,0.003199166666666668,236
57,0.0030052777777777795,237
57,0.0030052777777777795,238
57,0.0030052777777777795,239
57,0.010857777777777706,240
57,0.01085777777777821,241
57,0.01085777777777821,242
57,0.010857777777778337,243
57,0.009306666666667683,244
57,0.007755555555556586,245
57,0.007755555555556586,246
57,0.007755555555556586,247
57,0.010857777777779569,248
57,0.0108577777777796,249
57,0.0108577777777796,250
57,0.009306666666667714,251
57,0.006398333333333748,252
57,0.006107500000000414,253
57,0.006107500000000414,254
57,0.004556388888888592,255
